pattern_id,candidate_sha256,pne_unit,ctspro_version,opened,step_count_ok,values_ok,loop_ok,save_as_path,save_as_sha256,result,reviewer,reviewed_at,notes
PV-FM,2c5585c071060736c57b0af9bc2f04fd1987464765da373008196559db15633f,,,,,,,,,,,,
PV-CAPA,f21ddba39769bd6c4c267ae2ccf1756d45afd9d230339c1f6e2cea758e42ef97,,,,,,,,,,,,
PV-CYCLE,24f750a9f74bc01a914a355e5fd8784f84ae327a866c216c421c7bd7af803b2d,,,,,,,,,,,,
PV-HPPC,8b97e0275c0ef4b5c02aee2c76c924fb025eef04912eb22c5c890beca3532909,,,,,,,,,,,,
PV-QPEED-F,90ccc42fc617de8ec0baafeb5b03354527b2195c4663b16012ea363ef0c40e43,,,,,,,,,,,,
PV-QPEED-S,0ac551b64613ea0e8a475824f66dca73f7a87b4203942ac30ee97659c7970225,,,,,,,,,,,,
PV-QC-CYCLE,8161fcd5d7024a52b6736869643413059381c2b2270d10f633f68f25ee859d99,,,,,,,,,,,,
PV-QC-NQ,abf9ed13effd3c0b71819fd3842b0ee08ec243b9624e2245416e1c0f6d02232e,,,,,,,,,,,,
PV-QC-C,c8d5d4ee966834570ce58cd1aa65c5e512644187e689c832c1b403c8cb003624,,,,,,,,,,,,
PV-RPT,fb2f4dd4cd05c2ee01596077a20605f0ce15c631adefcd30ae7b36f767bf85d5,,,,,,,,,,,,
